Email Address,Grade
amet.ornare.lectus@Pellentesquehabitantmorbi.co.uk,87
orci.quis@dignissim.ca,65
dui@enim.ca,100
eu@Craseget.com,73
aliquet.vel@Vestibulum.org,82
at@massa.net,94
in@iaculis.org,100
porttitor.eros@ametdapibus.com,93
orci.tincidunt.adipiscing@lobortisrisusIn.org,96
Curabitur.egestas.nunc@erat.org,99
ante.ipsum@Phasellusat.edu,90
faucibus@elitNulla.edu,94
Nunc.ullamcorper@aceleifend.net,76
dolor.Quisque.tincidunt@quisarcuvel.com,87
turpis@milorem.ca,91
semper.auctor.Mauris@Maurismagna.com,89
blandit@augue.ca,87
tellus.imperdiet@necmetus.net,85
dui.quis@pretiumneque.com,92
tristique.aliquet.Phasellus@dictumeuplacerat.ca,90
sit@duiSuspendisse.edu,100
pede.Nunc.sed@justoProin.co.uk,66
eu.ultrices.sit@tempuseu.ca,74
Cras.pellentesque.Sed@ligulatortor.ca,95
ut.nulla@Aliquam.edu,92
sem.Nulla@lacuspedesagittis.co.uk,33
Integer.tincidunt.aliquam@enim.ca,96
convallis.convallis@facilisi.edu,75
Etiam.laoreet.libero@amet.org,94
pede@pharetrasedhendrerit.co.uk,93
congue.a@eudoloregestas.edu,88
gravida.Aliquam.tincidunt@nulla.ca,51
vitae@Pellentesque.com,96
inceptos@semperet.ca,94
nec.cursus@arcuVestibulumante.net,74
mauris.Morbi@aliquetnec.edu,98
Donec.consectetuer.mauris@feugiat.co.uk,88
ultricies.sem.magna@scelerisquenequeNullam.edu,92
Nulla@atauctorullamcorper.com,93
Nunc.laoreet@Aliquamrutrum.ca,90
a@acarcuNunc.org,94
Phasellus.fermentum@Proin.org,27
dui.in.sodales@lorem.org,92
nisl.Maecenas@justo.com,74
volutpat@quis.com,95
vitae.orci.Phasellus@turpis.com,75
odio@nonmassa.net,93
Phasellus.at.augue@eu.co.uk,98
vel@enimnonnisi.com,87
orci@purusDuiselementum.ca,80
Pellentesque@eros.ca,92
Mauris.non.dui@blanditatnisi.edu,95
Fusce@vitae.ca,92
malesuada.Integer@ornareplacerat.com,68
id.ante@tellus.net,95
sem.Nulla@at.edu,98
ut.nulla.Cras@nisi.org,92
enim.diam.vel@fringillamilacinia.co.uk,90
et.commodo@elit.com,96
nulla.Integer.urna@tortor.ca,94
velit.Quisque@scelerisque.co.uk,62
aliquet.sem@non.co.uk,74
odio.Aliquam@rhoncus.ca,97
non@Proinmi.edu,93
lorem.fringilla.ornare@non.com,76
ante@auctorMauris.edu,85
ullamcorper.Duis.at@netus.org,81
non.massa.non@Morbivehicula.org,92
Maecenas.mi@Etiamvestibulum.ca,61
Quisque.porttitor.eros@enimMauris.ca,79
consequat.purus.Maecenas@eratSed.com,97
mi@felis.edu,95
orci@metus.edu,99
aliquet.libero.Integer@lectussit.net,93
vel@id.ca,100
ipsum.sodales@purusmauris.edu,99
ac@cubiliaCuraePhasellus.org,86
Donec.dignissim@luctus.ca,85
libero@sagittislobortismauris.net,97
sed@quamquisdiam.edu,93
eu.arcu.Morbi@Curabituregestasnunc.co.uk,51
Proin@vitae.net,90
magna.Sed.eu@loremlorem.ca,70
Quisque@sitametnulla.co.uk,92
malesuada.vel.venenatis@egetmagnaSuspendisse.com,91
Nunc.laoreet@adlitora.net,63
magnis.dis@fringillapurus.org,82
quis@Suspendisse.net,90
Proin.nisl.sem@DonectinciduntDonec.com,94
aliquet.metus.urna@interdum.edu,88
sem.semper.erat@mattissemper.net,99
Fusce@risus.co.uk,64
nonummy.Fusce.fermentum@luctussitamet.co.uk,84
erat@auguemalesuada.net,83
commodo.hendrerit.Donec@congueaaliquet.net,90
et@turpisegestasAliquam.org,67
diam.Proin.dolor@pretiumnequeMorbi.ca,80
adipiscing.elit@eutellusPhasellus.edu,70
cursus.a@feugiattelluslorem.edu,69
adipiscing@lobortisnisi.com,93
